,neutral,hate
0,0.96756625,0.0314326
1,8.18999e-08,1.0
2,1.5795899e-14,1.0
3,0.5238514,0.4856099
4,0.30355012,0.7069888
5,2.5673635e-06,0.999996
6,1.0900047e-05,0.9999827
7,4.417262e-10,1.0
8,0.90919113,0.0914633
9,0.00012981892,0.9998165
10,3.0418712e-05,0.9999559
11,1.1060927e-06,0.99999815
12,0.99936974,0.00056540966
13,0.00020670891,0.99971914
14,5.6139008e-05,0.9999212
15,3.2799053e-06,0.99999535
16,5.021707e-07,0.99999917
17,3.5758524e-07,0.9999994
18,4.4937636e-07,0.9999993
19,5.1382445e-05,0.99992627
20,0.00012341142,0.999828
21,6.7621736e-06,0.9999894
22,7.306602e-09,1.0
23,3.5623668e-07,0.9999994
24,4.135126e-05,0.9999398
25,0.00068596005,0.9991627
26,1.10911005e-05,0.99998313
27,1.9898412e-08,1.0
28,0.99902666,0.00084397197
29,1.2231584e-07,0.99999976
30,3.1090633e-07,0.9999995
31,0.0056108832,0.9934173
32,5.772685e-08,1.0
33,0.8090327,0.19489211
34,4.086155e-07,0.9999993
35,3.2319836e-05,0.9999461
36,8.048711e-08,0.9999998
37,0.9838756,0.016152352
38,0.99956465,0.00038647652
39,0.00035339594,0.99953175
40,1.2371908e-07,0.99999976
41,0.8432727,0.16023168
42,0.00206998,0.9975263
43,0.001018256,0.9987102
44,1.8651488e-07,0.99999964
45,1.1064229e-06,0.99999815
46,0.28712386,0.6895819
47,2.2867563e-07,0.9999996
48,3.98193e-09,1.0
49,0.0025744438,0.9970188
50,1.8008596e-12,1.0
51,2.8131356e-06,0.99999535
52,0.40299806,0.6059758
53,0.00061681867,0.9992677
54,0.99332845,0.006451398
55,0.99560356,0.0042749643
56,5.3273897e-07,0.99999905
57,0.9996331,0.0003118515
58,4.9323804e-05,0.9999299
59,1.8189053e-10,1.0
60,0.00013166666,0.99982196
61,2.7152343e-08,1.0
62,0.26851672,0.72427934
63,0.00017875433,0.9997543
64,1.3448966e-13,1.0
65,0.86372685,0.13816154
66,6.7132237e-06,0.9999895
67,2.0679583e-07,0.99999964
68,0.017887771,0.9803275
69,3.8446334e-14,1.0
70,0.64071554,0.36073136
71,0.9990562,0.00090000033
72,4.0515175e-08,1.0
73,0.054824144,0.9436319
74,0.93959445,0.0606063
75,0.98224425,0.01701048
76,0.9767821,0.023409039
77,3.332003e-05,0.99995124
78,2.9770026e-05,0.9999565
79,6.172088e-07,0.9999989
80,0.0029152334,0.9964925
81,3.735939e-05,0.99994564
82,0.71577775,0.28773817
83,7.499731e-09,1.0
84,1.6857023e-06,0.9999972
85,0.94551593,0.054516524
86,0.05569744,0.942343
87,3.9736145e-07,0.9999993
88,0.9965387,0.0034903586
89,0.17266524,0.81654334
90,4.2208195e-11,1.0
91,1.869075e-07,0.99999976
92,0.0018219054,0.99777436
93,7.1302545e-13,1.0
94,0.0005095303,0.99936056
95,6.5057573e-09,1.0
96,1.698337e-08,1.0
97,0.0012055039,0.99855906
98,1.489359e-06,0.9999975
99,0.012291402,0.9864743
100,1.288833e-10,1.0
101,6.021774e-05,0.9999136
102,3.8697046e-11,1.0
103,0.00017854571,0.9997542
104,2.281177e-06,0.9999963
105,3.930063e-07,0.99999934
106,2.0706306e-05,0.9999693
107,1.7437853e-07,0.9999997
108,3.3989425e-05,0.9999498
109,3.8290243e-10,1.0
110,1.6188045e-05,0.99997556
111,0.988793,0.0111501515
112,0.073439956,0.92269266
113,0.8235382,0.1813255
114,0.85810745,0.14029989
115,2.0430093e-08,1.0
116,0.9847629,0.0148151815
117,0.0005426109,0.999255
118,1.328022e-09,1.0
119,4.7238923e-06,0.99999255
120,6.224971e-05,0.99991375
121,0.9918673,0.0077839494
122,3.1313018e-06,0.9999956
123,0.00025093555,0.9996627
124,1.56874e-09,1.0
125,2.392393e-10,1.0
126,4.8916354e-05,0.99992836
127,1.1406289e-05,0.9999804
128,9.411744e-12,1.0
129,0.11417326,0.87929726
130,0.00019058585,0.9997424
131,7.130107e-05,0.99989736
132,0.99561465,0.004002601
133,0.00035321712,0.99954057
134,0.94064355,0.058246285
135,2.2939718e-10,1.0
136,9.500455e-10,1.0
137,0.99407136,0.005830556
138,2.757346e-08,1.0
139,0.78671724,0.2153658
140,2.6963505e-08,1.0
141,1.4260601e-06,0.99999785
142,0.1533784,0.8459939
143,1.9588347e-08,1.0
144,9.784263e-07,0.99999833
145,9.523795e-08,0.9999998
146,6.6196575e-05,0.9999111
147,3.0395903e-08,1.0
148,6.4118075e-07,0.9999989
149,0.00018167496,0.99974614
150,4.1320728e-08,1.0
151,0.00016105175,0.99970776
152,2.4783995e-09,1.0
153,6.8503714e-06,0.9999896
154,5.1382445e-05,0.99992627
155,3.884943e-09,1.0
156,0.0074582696,0.9910219
157,1.3807218e-05,0.9999786
158,2.615248e-06,0.9999957
159,1.2409278e-06,0.99999785
160,2.892256e-05,0.9999578
161,0.0018738806,0.9974778
162,1.20395625e-05,0.99998254
163,1.157957e-09,1.0
164,2.1272033e-08,1.0
165,1.6203026e-07,0.9999997
166,5.6781706e-12,1.0
167,0.9591437,0.040830344
168,0.08028695,0.89515096
169,1.17177215e-05,0.99998224
170,4.192629e-05,0.9999335
171,5.600713e-07,0.99999905
172,4.1460204e-09,1.0
173,5.0672334e-06,0.9999919
174,2.0424433e-09,1.0
175,0.0005438626,0.99927247
176,0.00034698844,0.99953765
177,0.000495404,0.99934196
178,0.99514925,0.0047849715
179,7.247903e-07,0.99999875
180,9.809041e-07,0.9999982
181,2.7585364e-07,0.9999995
182,0.0011575818,0.99854314
183,0.9937037,0.0058382154
184,2.4045266e-07,0.9999996
185,6.167513e-08,1.0
186,1.3424693e-06,0.9999976
187,7.8483845e-07,0.9999986
188,6.93396e-09,1.0
189,2.278367e-07,0.9999996
190,0.00038081408,0.9995073
191,1.18707675e-07,0.99999976
192,6.8107593e-06,0.9999894
193,7.2163594e-08,0.9999999
194,6.5409034e-10,1.0
195,2.8133284e-08,1.0
196,4.9427825e-05,0.99992734
197,7.97986e-05,0.99988663
198,1.3653843e-07,0.9999997
199,0.00013586879,0.9998146
200,0.9763214,0.023076028
201,5.1382445e-05,0.99992627
202,3.8767617e-10,1.0
203,0.05333054,0.9417145
204,0.05095741,0.94593954
205,1.4419257e-05,0.99997854
206,0.64287555,0.3571716
207,1.7397291e-05,0.99997365
208,0.045210123,0.9517319
209,2.0380751e-11,1.0
210,4.85714e-08,1.0
211,4.2576215e-07,0.99999905
212,0.027187616,0.9701326
213,0.009327173,0.98919976
214,0.0011395216,0.9985464
215,1.7730821e-06,0.999997
216,1.2051715e-09,1.0
217,0.0008304417,0.9989457
218,4.6685323e-06,0.9999924
219,0.0065268874,0.9925028
220,0.00034561753,0.9995902
221,3.1616084e-06,0.9999954
222,2.3424914e-12,1.0
223,1.7688979e-05,0.99997777
224,0.9953677,0.004455745
225,6.392142e-07,0.9999989
226,0.9090295,0.09062424
227,5.127404e-06,0.999992
228,0.9969801,0.003028065
229,1.7418988e-07,0.9999997
230,4.6585118e-08,1.0
231,1.3601365e-07,0.99999976
232,6.5239365e-09,1.0
233,5.1382445e-05,0.99992627
234,5.2261476e-07,0.99999917
235,6.9612716e-09,1.0
236,1.9746529e-05,0.99997246
237,3.163649e-05,0.99995357
238,0.0568586,0.94301
239,0.00033175945,0.9995588
240,6.7436364e-16,1.0
241,1.872383e-05,0.99997175
242,2.47398e-08,1.0
243,1.2792899e-08,1.0
244,0.00021737814,0.99971765
245,4.3883033e-06,0.9999931
246,6.026513e-07,0.99999905
247,0.6691364,0.34777385
248,1.6733092e-07,0.99999976
249,0.029901475,0.966578
250,8.319154e-08,1.0
251,6.818392e-05,0.99990225
252,1.3208366e-05,0.9999813
253,0.9898212,0.009773523
254,9.56332e-07,0.99999833
255,0.99593884,0.004085481
256,0.92933655,0.068811715
257,0.00020581484,0.9997356
258,5.0419334e-07,0.99999905
259,0.6664268,0.33081686
260,1.0734133e-06,0.99999815
261,8.968083e-06,0.99998605
262,5.1140163e-05,0.9999274
263,1.2327276e-06,0.999998
264,3.184449e-06,0.99999577
265,4.0175257e-07,0.9999993
266,1.0131986e-09,1.0
267,0.9991542,0.00082701445
268,0.0014603138,0.99817073
269,3.855692e-07,0.9999994
270,1.0709766e-06,0.9999981
271,1.4330205e-07,0.99999976
272,8.414068e-09,1.0
273,6.609743e-10,1.0
274,2.5814018e-10,1.0
275,0.78671724,0.2153658
276,5.573244e-08,1.0
277,2.0916704e-07,0.99999964
278,0.9409747,0.058488756
279,6.146316e-08,1.0
280,0.9996778,0.00023564696
281,1.0581253e-09,1.0
282,2.3159052e-06,0.9999962
283,7.785935e-05,0.9998885
284,2.9899264e-12,1.0
285,3.355815e-07,0.9999995
286,8.081118e-09,1.0
287,0.00014421344,0.9998009
288,0.99934924,0.000667572
289,1.2421609e-07,0.99999976
290,0.0019770563,0.9972136
291,0.99693906,0.0028838217
292,0.0029152334,0.9964925
293,4.02102e-06,0.9999936
294,4.321985e-07,0.9999992
295,0.00021472573,0.99970716
296,4.061359e-06,0.999994
297,0.83790505,0.16199335
298,5.92389e-08,1.0
299,6.8984654e-08,1.0
300,8.0168494e-10,1.0
301,1.3226404e-05,0.9999793
302,2.726903e-05,0.9999594
303,1.5522277e-12,1.0
304,6.909705e-06,0.99998915
305,1.585918e-06,0.9999974
306,4.5303173e-07,0.9999992
307,9.4272275e-07,0.9999984
308,3.625395e-05,0.9999473
309,1.5422165e-06,0.9999978
310,6.336682e-08,1.0
311,0.99659514,0.0032176673
312,0.000105265164,0.9998518
313,2.2202084e-05,0.9999664
314,5.1382445e-05,0.99992627
315,8.461327e-05,0.9998796
316,0.00013121963,0.99982333
317,2.4405726e-06,0.99999595
318,0.0005581677,0.99937487
319,4.468622e-07,0.9999992
320,1.9123283e-05,0.9999708
321,0.99094594,0.008831859
322,0.00026801229,0.99963665
323,1.6240053e-06,0.9999973
324,1.1930699e-06,0.999998
325,3.3315525e-10,1.0
326,8.891456e-08,0.9999999
327,0.9590783,0.04012242
328,7.0241843e-09,1.0
329,2.6759622e-06,0.9999957
330,0.008263558,0.9904497
331,0.00012516975,0.9998281
332,2.3940481e-06,0.9999968
333,3.9298066e-06,0.9999949
334,0.51594555,0.49678624
335,1.6057548e-09,1.0
336,2.1903064e-13,1.0
337,6.205654e-05,0.9999126
338,0.10296187,0.8868298
339,0.0006656945,0.99913466
340,5.1382445e-05,0.99992627
341,1.2446154e-07,0.99999976
342,5.617283e-17,1.0
343,0.93404645,0.06564161
344,5.1382445e-05,0.99992627
345,0.7302178,0.27319002
346,1.5124897e-08,1.0
347,5.5931195e-14,1.0
348,2.5289032e-06,0.9999959
349,4.771576e-09,1.0
350,3.3996588e-05,0.99995136
351,6.905746e-08,1.0
352,2.3297505e-06,0.99999654
353,3.7721482e-05,0.99994564
354,0.8090624,0.18587044
355,1.3115199e-06,0.99999785
356,6.297899e-05,0.99990964
357,0.9992728,0.00070890784
358,5.090121e-05,0.9999255
359,1.654291e-05,0.9999747
360,0.99999523,4.8860334e-06
361,1.8081737e-08,1.0
362,1.2548719e-06,0.999998
363,0.00012278807,0.999829
364,3.9330254e-05,0.99994284
365,1.2700901e-06,0.999998
366,9.197155e-09,1.0
367,7.993706e-09,1.0
368,2.9032657e-07,0.9999995
369,0.9506099,0.04894823
370,1.0610331e-06,0.9999983
371,0.37449253,0.6196398
372,3.3510769e-06,0.999995
373,2.1250429e-11,1.0
374,8.343585e-10,1.0
375,0.58173287,0.41818953
376,2.3807071e-07,0.99999964
377,3.1013979e-06,0.9999949
378,1.5590139e-06,0.9999975
379,2.7040786e-10,1.0
380,0.5981367,0.41802332
381,0.00045129657,0.99948156
382,4.037759e-06,0.99999356
383,0.00319767,0.99627596
384,3.050684e-06,0.9999944
385,6.8794486e-09,1.0
386,1.3186957e-05,0.99998
387,0.009603202,0.98888004
388,5.846514e-07,0.99999905
389,0.9996369,0.00036808848
390,2.1168864e-08,1.0
391,2.3181403e-07,0.99999964
392,0.21523625,0.7775049
393,0.0023833513,0.99746907
394,3.3347604e-08,1.0
395,5.7753063e-08,1.0
396,0.99629474,0.0036526322
397,9.4709186e-08,0.99999964
398,0.20661736,0.7893584
399,5.565967e-08,1.0
400,0.00010573886,0.9998522
401,8.7385895e-05,0.9998752
402,1.8635016e-06,0.99999726
403,2.3374416e-06,0.99999607
404,0.0005684793,0.9992629
405,0.9677383,0.03318131
406,1.3589943e-05,0.9999796
407,0.59199345,0.41669396
408,1.7138223e-07,0.99999964
409,4.6748428e-07,0.99999917
410,0.9785842,0.021728218
411,0.029361635,0.9676044
412,0.18118727,0.8167069
413,3.447623e-06,0.9999944
414,0.0005403161,0.9992894
415,1.3604583e-05,0.999979
416,1.354952e-08,1.0
417,3.1789263e-08,1.0
418,3.464229e-07,0.99999934
419,6.7608096e-07,0.999999
420,0.00012496114,0.99982405
421,7.671196e-06,0.99998814
422,4.996336e-09,1.0
423,0.00013747811,0.9998092
424,0.0024878979,0.99545354
425,1.2992829e-05,0.9999805
426,5.297503e-09,1.0
427,4.728043e-06,0.9999926
428,3.7290152e-07,0.9999993
429,0.00013712049,0.99980855
430,8.46854e-06,0.9999868
431,6.0505363e-06,0.99999034
432,0.000448972,0.999413
433,1.8593653e-08,1.0
434,9.0899965e-07,0.9999985
435,4.7780625e-12,1.0
436,4.6100013e-05,0.9999336
437,0.99835765,0.0015602708
438,3.878406e-05,0.99994284
439,4.6115397e-07,0.9999992
440,2.238534e-06,0.9999969
441,2.7156553e-05,0.9999615
442,8.8536666e-08,0.9999999
443,3.578882e-07,0.9999993
444,0.011876047,0.98651206
445,1.5495141e-06,0.9999974
446,1.7155378e-05,0.99997413
447,0.00013911724,0.9998255
448,5.545225e-06,0.9999913
449,3.2192204e-07,0.99999946
450,4.015412e-05,0.9999201
451,0.9383158,0.060843438
452,1.0425983e-05,0.9999866
453,0.9987664,0.0012161434
454,1.1051369e-05,0.99998283
455,1.7093662e-05,0.9999738
456,0.00094136596,0.9988063
457,1.5347499e-06,0.99999756
458,2.4730145e-05,0.9999633
459,4.1511048e-05,0.99994063
460,1.5213105e-05,0.99997675
461,0.0001213888,0.99983203
462,1.991364e-06,0.9999968
463,9.341002e-05,0.9998684
464,0.2878722,0.7174661
465,3.670429e-07,0.9999993
466,6.805484e-05,0.99990225
467,0.048246384,0.94849277
468,1.9523478e-12,1.0
469,5.7199155e-05,0.9999175
470,0.0005623996,0.9992613
471,2.771982e-06,0.9999918
472,1.1566603e-05,0.99998444
473,0.00017336011,0.99976337
474,2.249123e-09,1.0
475,6.2316946e-07,0.999999
476,1.6050316e-06,0.99999774
477,0.7334808,0.27103263
478,0.00015491247,0.9997126
479,1.512898e-06,0.9999974
480,1.1494332e-11,1.0
481,7.346121e-05,0.9998955
482,2.2284993e-08,1.0
483,0.0001071325,0.9998517
484,0.9997896,0.00020995736
485,0.00023075938,0.99969304
486,0.9717946,0.027393669
487,6.6042136e-09,1.0
488,6.330502e-10,1.0
489,0.00012263488,0.9998288
490,2.2382821e-06,0.99999595
491,1.0638422e-05,0.9999862
492,4.2642273e-06,0.9999932
493,2.4587175e-06,0.99999595
494,0.15812284,0.84539044
495,2.2304937e-08,1.0
496,0.0014092624,0.99839675
497,2.7975164e-08,1.0
498,0.0016081631,0.99825275
499,3.3914336e-07,0.9999994
500,1.133994e-11,1.0
501,1.7912507e-06,0.9999969
502,1.6715636e-06,0.99999756
503,3.408536e-06,0.9999954
504,0.0010040998,0.9987313
505,2.2392162e-07,0.9999996
506,9.2788205e-06,0.99998564
507,0.22393334,0.77587247
508,3.3929962e-07,0.9999994
509,1.6419073e-05,0.9999751
510,8.8490197e-07,0.9999985
511,1.8228977e-08,1.0
512,0.015564114,0.9820899
513,3.3420545e-06,0.9999949
514,1.3513782e-05,0.9999802
515,0.9944335,0.0053561926
516,4.9916896e-08,1.0
517,6.9492303e-06,0.99998903
518,0.00017336011,0.99976337
519,0.0002901554,0.99950826
520,0.7954409,0.20602572
521,2.3453172e-06,0.99999654
522,0.07349625,0.9208315
523,0.72310007,0.28550923
524,3.5340072e-05,0.999953
525,1.4395096e-06,0.9999976
526,6.492213e-06,0.9999898
527,2.4243423e-09,1.0
528,0.99197924,0.007894009
529,1.0566088e-05,0.9999838
530,0.8505026,0.16277331
531,0.0059309304,0.99304616
532,8.412267e-06,0.99998724
533,0.06315756,0.93296003
534,0.88799167,0.10992044
535,1.9135851e-07,0.99999964
536,0.99679136,0.0029104352
537,0.35586005,0.6110072
538,0.86340714,0.13757285
539,9.400384e-07,0.99999833
540,1.944287e-07,0.99999964
541,8.079e-05,0.99988323
542,0.9886761,0.0109292865
543,0.00018236041,0.99976695
544,2.8837235e-07,0.9999995
545,5.1567615e-05,0.9999254
546,0.99636745,0.0030809343
547,2.060577e-08,1.0
548,7.492342e-08,1.0
549,4.4198516e-09,1.0
550,0.00013291836,0.9998153
551,0.9835807,0.016531765
552,0.0002593696,0.99967194
553,2.4332184e-07,0.9999995
554,1.6634445e-07,0.9999997
555,4.4692143e-09,1.0
556,0.00020107627,0.99972594
557,0.4133427,0.5820545
558,1.2875039e-06,0.99999774
559,2.1696925e-08,1.0
560,2.813597e-06,0.99999547
561,3.6091675e-05,0.9999528
562,7.2342916e-11,1.0
563,7.395477e-06,0.9999883
564,0.96045375,0.03886026
565,0.03232968,0.9651122
566,2.7941132e-05,0.9999598
567,1.3614859e-11,1.0
568,9.475671e-08,0.9999998
569,4.324349e-12,1.0
570,3.050073e-08,1.0
571,0.8029063,0.2161608
572,2.6396773e-07,0.9999996
573,1.5755486e-05,0.9999763
574,0.120212466,0.87492406
575,2.1020962e-06,0.9999966
576,6.640709e-08,1.0
577,4.5181175e-10,1.0
578,0.9807675,0.017755687
579,0.06578907,0.92369866
580,9.882166e-07,0.9999983
581,8.164707e-08,0.9999999
582,5.0768e-08,1.0
583,5.1382445e-05,0.99992627
584,0.1808233,0.8180984
585,3.3641638e-06,0.99999464
586,0.056946218,0.9400681
587,5.885828e-10,1.0
588,1.511781e-05,0.9999772
589,1.6531745e-05,0.9999752
590,4.625388e-05,0.99993676
591,0.0039407313,0.9952675
592,1.2421111e-07,0.99999976
593,0.00018593669,0.9997405
594,0.0001071325,0.9998517
595,0.00017336011,0.99976337
596,5.193946e-05,0.99986935
597,0.9843495,0.015061408
598,0.00013121963,0.9998256
599,8.3106215e-08,0.9999998
600,3.3353723e-11,1.0
601,0.9996903,0.0002976954
602,4.6797116e-10,1.0
603,7.16624e-08,1.0
604,2.9452505e-05,0.9999602
605,0.0021616518,0.99732506
606,1.13280294e-07,0.99999976
607,0.00010925706,0.99986285
608,4.7965784e-07,0.9999991
609,0.97913337,0.020321876
610,1.5140678e-07,0.9999997
611,0.15002605,0.8460052
612,0.9971135,0.002769947
613,0.0039201677,0.9952271
614,0.5303236,0.46175575
615,0.00025516748,0.9996689
616,0.0002577603,0.9996532
617,0.7964487,0.20668325
618,8.2665244e-13,1.0
619,0.00018385053,0.9997437
620,0.2695545,0.73307496
621,0.000179708,0.99975324
622,3.1984405e-06,0.99999475
623,0.0006554723,0.99915004
624,0.0013966858,0.99836516
625,0.0022993386,0.9971352
626,3.2501765e-07,0.9999995
627,3.7686548e-06,0.99999416
628,0.00018724799,0.99977696
629,1.513156e-12,1.0
630,0.00026369095,0.9996469
631,1.22400134e-08,1.0
632,0.00046685338,0.9993805
633,0.08287284,0.9132854
634,1.0296466e-06,0.99999833
635,4.4088624e-06,0.9999929
636,0.001770407,0.99782175
637,0.9988011,0.0010120273
638,0.036029726,0.9601221
639,0.9448932,0.053762525
640,0.00018158555,0.9997522
641,4.529097e-08,1.0
642,0.00016850233,0.9997687
643,0.9691056,0.030267596
644,0.0012487471,0.9984437
645,0.005730808,0.99308395
646,6.0059588e-06,0.99998844
647,4.371147e-07,0.9999993
648,0.15208912,0.8478615
649,1.3529752e-06,0.9999977
650,8.858211e-06,0.9999863
651,0.885393,0.12298635
652,3.469946e-07,0.9999994
653,0.97274876,0.027236432
654,0.00040498376,0.9994654
655,1.4666483e-05,0.99997765
656,9.951e-06,0.9999843
657,0.93473333,0.06443426
658,3.4137167e-07,0.9999994
659,1.1584038e-06,0.9999981
660,2.3634033e-13,1.0
661,3.488281e-05,0.9999481
662,0.0041160285,0.99215126
663,9.0492404e-07,0.9999985
664,0.03050828,0.96153986
665,3.366728e-06,0.9999945
666,0.00017336011,0.99976337
667,5.670869e-07,0.99999905
668,4.0823067e-11,1.0
669,9.580038e-06,0.99997354
670,2.192953e-09,1.0
671,0.90397155,0.09507844
672,0.99672884,0.003344804
673,0.78671724,0.2153658
674,5.1382445e-05,0.99992627
675,1.911525e-08,1.0
676,5.1465616e-07,0.99999917
677,4.0377668e-06,0.99999344
678,0.0007940531,0.9990293
679,4.4308416e-07,0.99999917
680,0.00010403879,0.99985564
681,0.98274404,0.015764147
682,1.5862189e-06,0.99999726
683,3.8101232e-06,0.9999939
684,4.1724095e-07,0.999999
685,9.959857e-08,0.99999976
686,0.4648534,0.54537296
687,0.0035093725,0.99575496
688,0.97048223,0.028889298
689,0.22238937,0.7754115
690,3.7791514e-07,0.9999993
691,0.9845237,0.01594466
692,0.00031748414,0.9996129
693,1.016044e-08,1.0
694,5.2467565e-11,1.0
695,0.9999058,9.548793e-05
696,0.0046534836,0.9944886
697,0.9916017,0.008054823
698,2.2280199e-11,1.0
699,6.610245e-05,0.999907
700,0.98098785,0.018888772
701,0.00805968,0.9909003
702,0.00063079596,0.99922484
703,0.004981309,0.99404246
704,1.2412113e-14,1.0
705,0.84892595,0.15451548
706,1.7191924e-08,1.0
707,0.18283099,0.8194705
708,5.632369e-09,1.0
709,5.1382445e-05,0.99992627
710,0.026710808,0.97192687
711,1.04187805e-08,1.0
712,0.00017210841,0.99976367
713,8.5453635e-09,1.0
714,7.997763e-07,0.9999986
715,0.76513404,0.22933507
716,1.5994382e-07,0.99999976
717,1.0586648e-08,1.0
718,0.0038242936,0.995294
719,2.8291463e-06,0.99999535
720,5.710919e-06,0.9999907
721,0.00033530593,0.99956614
722,2.0970631e-07,0.9999996
723,9.944629e-09,1.0
724,9.5858595e-06,0.9999852
725,0.0116150975,0.98668194
726,0.99836314,0.0014908314
727,4.0785908e-05,0.99993926
728,0.0076425076,0.9910349
729,3.5898907e-08,1.0
730,3.000392e-16,1.0
731,0.0032353401,0.9961515
732,0.00014042854,0.9998064
733,0.011251062,0.9869859
734,0.00054481626,0.99928796
735,4.0249173e-10,1.0
736,0.34135288,0.6649087
737,8.025165e-08,1.0
738,3.8810438e-07,0.9999993
739,2.1493011e-05,0.999968
740,1.688374e-05,0.99997413
741,0.31553334,0.68221384
742,8.705458e-07,0.99999845
743,2.1780736e-05,0.9999641
744,3.3712374e-07,0.9999994
745,9.389207e-08,0.99999976
746,0.00011802357,0.9998342
747,2.5058787e-07,0.9999995
748,0.99705315,0.0028226376
749,1.3237306e-07,0.99999976
750,1.6827558e-07,0.9999997
751,1.7137984e-10,1.0
752,2.084925e-07,0.99999964
753,0.08381444,0.91265064
754,3.7939806e-06,0.99999464
755,0.88120604,0.12847298
756,2.5557451e-06,0.9999958
757,0.95786715,0.04073423
758,4.0866266e-07,0.9999988
759,4.9670797e-07,0.9999992
760,5.9598766e-05,0.9999142
761,0.035377204,0.9616343
762,0.00016838312,0.99976707
763,5.4863554e-05,0.99992144
764,3.2129865e-06,0.9999947
765,0.00070238113,0.99911475
766,4.074705e-06,0.9999895
767,0.9653057,0.034500778
768,0.23753664,0.7658279
769,8.621643e-06,0.9999867
770,3.8920854e-07,0.99999934
771,5.7055055e-05,0.9999213
772,0.051060885,0.9470333
773,7.3336782e-06,0.9999882
774,2.3627686e-05,0.999964
775,0.68425393,0.33225626
776,5.5994587e-05,0.9999197
777,0.0005918741,0.99926233
778,0.99318707,0.006528467
779,0.042122453,0.9541044
780,0.000690639,0.9991132
781,4.5935568e-07,0.9999992
782,0.00016993284,0.99975896
783,1.1729416e-05,0.9999826
784,8.67909e-05,0.9998776
785,1.2642895e-06,0.9999981
786,4.877646e-09,1.0
787,0.00024425983,0.9996696
788,6.7011824e-05,0.9999039
789,1.3097373e-12,1.0
790,7.492832e-05,0.99989223
791,7.06021e-05,0.999901
792,1.0113009e-05,0.9999845
793,0.0018927455,0.9976666
794,0.0035897791,0.99590385
795,1.7066232e-05,0.99997413
796,0.0046871603,0.9945177
797,0.95059407,0.0496054
798,4.3475556e-08,1.0
799,0.9932016,0.0068217516
800,2.0171974e-05,0.99997294
801,1.028762e-12,1.0
802,0.03424585,0.9638873
803,3.5026616e-07,0.9999995
804,0.008979827,0.9895543
805,6.6360966e-09,1.0
806,1.1106913e-07,0.99999976
807,3.0795247e-05,0.99995434
808,0.0013385713,0.9983213
809,2.961855e-05,0.9999558
810,0.33235312,0.6170428
811,1.0037495e-07,0.99999976
812,0.044809997,0.9507981
813,0.3769818,0.5976588
814,0.5744501,0.42122525
815,6.452185e-06,0.99998957
816,0.82068276,0.17957023
817,8.543864e-09,1.0
818,6.0857934e-07,0.999999
819,0.9001771,0.09860608
820,0.0003338158,0.99955815
821,5.1382445e-05,0.99992627
822,1.8274704e-06,0.9999969
823,2.443513e-05,0.9999639
824,0.90766656,0.09464848
825,0.0008291304,0.99882495
826,1.13363946e-07,0.99999976
827,0.98001695,0.019892126
828,2.72329e-11,1.0
829,7.065659e-07,0.99999875
830,1.0579895e-10,1.0
831,6.7429346e-07,0.9999989
832,0.9735018,0.025683403
833,8.326309e-07,0.9999987
834,0.0033471882,0.9959216
835,6.7333566e-08,1.0
836,1.10523e-08,1.0
837,0.2239761,0.7807816
838,2.629099e-06,0.99999636
839,0.00011133231,0.9998605
840,5.5056826e-10,1.0
841,8.504101e-06,0.99998564
842,2.1770745e-07,0.9999996
843,0.8945648,0.10699794
844,0.99663424,0.003152281
845,3.2276923e-09,1.0
846,0.98393255,0.015888602
847,1.0237004e-08,1.0
848,0.9993309,0.00060492754
849,0.0015875101,0.99803674
850,0.67928505,0.32628614
851,1.585574e-05,0.99997723
852,2.604791e-06,0.99999577
853,6.255518e-07,0.9999988
854,2.9216904e-08,1.0
855,1.7091696e-06,0.99999756
856,0.15010554,0.8501148
857,1.9463576e-05,0.99997085
858,1.6065776e-05,0.9999758
859,0.00012193994,0.9998358
860,8.249984e-06,0.99998844
861,5.144461e-07,0.99999917
862,1.5297677e-07,0.9999997
863,0.26261234,0.7211091
864,0.074053735,0.9231589
865,2.562432e-10,1.0
866,5.090353e-09,1.0
867,3.7758895e-08,1.0
868,7.833906e-13,1.0
869,7.1342964e-07,0.9999988
870,0.78671724,0.2153658
871,7.155142e-10,1.0
872,0.22912353,0.7717937
873,9.1553475e-06,0.9999857
874,0.98821497,0.0115894675
875,7.075544e-05,0.99989885
876,4.221915e-05,0.99994063
877,0.0008560717,0.9989039
878,1.05722e-08,1.0
879,2.1487222e-06,0.9999964
880,2.120389e-07,0.9999996
881,1.8273308e-10,1.0
882,8.3977526e-11,1.0
883,0.0008126497,0.9989555
884,5.7445095e-07,0.999999
885,1.6733651e-07,0.9999995
886,1.6244694e-05,0.99997526
887,0.10304752,0.8949286
888,1.9167906e-05,0.99997115
889,0.7773857,0.22380191
890,0.98973346,0.010041237
891,0.0003721416,0.9994985
892,0.0025099814,0.9959326
893,0.00010688146,0.99985117
894,4.2078824e-07,0.9999994
895,1.3321096e-08,1.0
896,2.0467586e-07,0.99999964
897,0.0065279305,0.99243706
898,1.2739689e-09,1.0
899,0.9971354,0.0028741658
900,5.497167e-08,1.0
901,7.852881e-06,0.99998796
902,0.94070053,0.059750825
903,3.015164e-07,0.9999995
904,0.002179861,0.9973179
905,5.073935e-08,1.0
906,7.0689784e-06,0.999989
907,2.1285265e-08,1.0
908,3.0834197e-08,1.0
909,5.8453406e-06,0.9999909
910,1.9328394e-07,0.99999964
911,4.537189e-12,1.0
912,4.4467733e-06,0.9999933
913,3.1226502e-10,1.0
914,1.1025973e-06,0.9999981
915,0.0032018125,0.9963995
916,7.0869473e-06,0.9999856
917,0.8114209,0.18963283
918,8.356052e-07,0.99999857
919,0.00030261278,0.9996221
920,1.1347715e-06,0.99999803
921,0.75570124,0.2490991
922,8.327096e-05,0.9998834
923,1.0096095e-07,0.99999976
924,2.672277e-06,0.99999595
925,4.0362942e-05,0.9999432
926,2.5211e-07,0.9999995
927,0.93758917,0.061430246
928,0.96217024,0.035256118
929,0.00017336011,0.99976337
930,0.0008036196,0.99910116
931,0.99367905,0.006158024
932,0.8902916,0.108055025
933,1.123944e-08,1.0
934,5.97228e-07,0.9999989
935,0.00026914477,0.99964
936,1.4433655e-06,0.99999785
937,1.1000775e-06,0.9999981
938,3.9869916e-05,0.99994135
939,1.5295445e-05,0.99997663
940,1.0029506e-05,0.9999845
941,4.8942454e-08,1.0
942,0.00039809942,0.9994578
943,2.011559e-05,0.9999704
944,0.96719885,0.032598376
945,4.428554e-08,1.0
946,5.3717153e-10,1.0
947,1.7172123e-07,0.9999997
948,0.016911536,0.9814713
949,0.999833,0.00014960766
950,5.1382445e-05,0.99992627
951,4.8625725e-06,0.9999923
952,0.6731806,0.33265147
953,4.0426382e-09,1.0
954,0.31245762,0.6742081
955,0.07169479,0.9268002
956,8.113992e-11,1.0
957,1.3088192e-05,0.9999799
958,2.2821825e-06,0.99999654
959,0.9985537,0.0014138222
960,2.9239318e-06,0.99999535
961,0.9701428,0.029828131
962,0.14157093,0.85702276
963,3.7830652e-10,1.0
964,0.9854261,0.014846593
965,0.014489114,0.9850798
966,5.076406e-07,0.9999992
967,7.85947e-09,1.0
968,0.8520515,0.14902908
969,1.2144443e-07,0.99999976
970,0.7302178,0.27319002
971,4.5225516e-07,0.99999917
972,0.99469846,0.005262941
973,3.99055e-06,0.9999938
974,0.73750603,0.2762793
975,0.9848852,0.014763743
976,2.2781029e-08,1.0
977,9.4615265e-05,0.99987304
978,0.96669257,0.033044696
979,1.8353712e-05,0.99997425
980,2.4095194e-05,0.999968
981,0.9952891,0.0047886968
982,2.9025111e-08,1.0
983,0.00017336011,0.99976337
984,0.00022652745,0.9996952
985,1.1142477e-05,0.9999833
986,0.00018465519,0.99974597
987,7.66069e-08,0.9999999
988,6.295575e-05,0.99991006
989,3.6382415e-05,0.9999473
990,0.0025654435,0.9970373
991,4.840685e-05,0.9999364
992,9.661701e-07,0.9999986
993,0.9769262,0.022608757
994,0.00017935038,0.9997599
995,2.8414084e-08,1.0
996,0.0003888607,0.99952495
997,7.6712386e-10,1.0
998,7.732508e-07,0.9999989
999,1.335887e-06,0.99999774
1000,2.914982e-07,0.9999995
1001,0.0059500635,0.9923663
1002,4.13484e-08,1.0
1003,9.3628535e-14,1.0
1004,0.03600827,0.96251905
1005,0.010314494,0.98821867
1006,0.0020075142,0.9974259
1007,0.9636636,0.032093883
1008,6.38899e-11,1.0
1009,4.0250576e-09,1.0
1010,5.253003e-06,0.99999166
1011,0.9378756,0.058704823
1012,1.0963656e-08,1.0
1013,4.6213954e-06,0.99999213
1014,7.4175104e-11,1.0
1015,2.9409026e-07,0.9999995
1016,3.5210537e-08,1.0
1017,3.8922525e-07,0.9999993
1018,5.74745e-06,0.9999908
1019,7.886259e-07,0.9999987
1020,4.127616e-07,0.9999993
1021,0.0015604198,0.9980718
1022,3.276741e-08,1.0
1023,0.0002503991,0.99966717
1024,3.6457973e-06,0.9999943
1025,5.7746875e-05,0.99991685
1026,4.8726437e-05,0.99993
1027,0.99326676,0.006629169
1028,0.00028195977,0.99962246
1029,0.025951982,0.97231305
1030,0.9793455,0.019883096
1031,1.4342893e-05,0.99997795
1032,0.00016543269,0.9997804
1033,1.4410843e-07,0.99999976
1034,4.179158e-06,0.99999344
1035,4.7219464e-06,0.99999356
1036,8.240536e-05,0.9998826
1037,0.0001924932,0.9997313
1038,1.1004684e-05,0.99998283
1039,0.4014204,0.5996474
1040,1.3916464e-09,1.0
1041,6.104182e-06,0.99999046
1042,4.143874e-07,0.9999993
1043,3.7724483e-08,1.0
1044,5.092152e-08,1.0
1045,0.09094483,0.90715706
1046,8.002661e-07,0.9999987
1047,3.2513533e-06,0.99999523
1048,0.017419726,0.9797963
1049,1.4153785e-11,1.0
1050,0.0011688471,0.9985241
1051,1.3456519e-08,1.0
1052,0.005569577,0.99342024
1053,4.3416374e-05,0.99993736
1054,1.6889915e-06,0.9999972
1055,0.0006608963,0.9990527
1056,1.4050367e-05,0.99997854
1057,1.5827675e-08,1.0
1058,0.00017309189,0.9997571
1059,0.00036233664,0.99952435
1060,1.6442337e-11,1.0
1061,0.016385019,0.98165476
1062,0.00010199167,0.999865
1063,0.20647582,0.7824737
1064,6.449055e-11,1.0
1065,4.2450734e-05,0.9999377
1066,0.00022304058,0.99969274
1067,1.3221447e-07,0.99999976
1068,1.5447085e-08,1.0
1069,4.2296584e-08,1.0
1070,0.98549765,0.014651954
1071,5.959365e-05,0.9999126
1072,5.1499562e-08,1.0
1073,0.98596895,0.013760865
1074,0.9950555,0.0041201413
1075,4.7978115e-06,0.9999924
1076,0.00049316883,0.99934876
1077,5.2260773e-09,1.0
1078,1.8180359e-07,0.99999964
1079,0.026032776,0.97064555
1080,2.6384488e-09,1.0
1081,2.08305e-06,0.99999654
1082,1.8802732e-06,0.9999969
1083,2.1339078e-05,0.9999674
1084,0.04580894,0.953306
1085,0.004777491,0.9947903
1086,4.1471612e-08,1.0
1087,0.007675767,0.99143225
1088,1.3661751e-05,0.99997914
1089,1.1465022e-06,0.9999981
1090,0.07908991,0.91542995
1091,7.721815e-07,0.9999987
1092,2.4174335e-06,0.99999595
1093,4.374156e-06,0.9999938
1094,0.54896724,0.4583289
1095,1.848811e-06,0.9999974
1096,1.5858915e-07,0.99999964
1097,1.5356245e-09,1.0
1098,0.0001642406,0.99978125
1099,0.0006285906,0.99917805
1100,3.6856838e-07,0.9999993
1101,2.996554e-07,0.9999995
1102,8.052845e-07,0.99999857
1103,1.7568025e-08,1.0
1104,0.08860424,0.89002097
1105,0.04143092,0.9566933
1106,4.3176024e-05,0.9999373
1107,4.1002096e-10,1.0
1108,0.97487843,0.024366856
1109,2.8413884e-05,0.9999641
1110,3.133971e-05,0.9999546
1111,1.9458044e-05,0.9999716
1112,0.9948156,0.005286038
1113,2.9050108e-07,0.9999995
1114,0.01981777,0.9781817
1115,5.211676e-08,1.0
1116,0.0003145635,0.99957836
1117,0.9822188,0.017646968
1118,0.30643883,0.68955594
1119,0.20731887,0.78309166
1120,1.6512655e-06,0.99999726
1121,0.11119512,0.8825289
1122,1.1054246e-07,0.99999976
1123,0.94265664,0.05511415
1124,0.9962097,0.0036037266
1125,0.00010475602,0.9998412
1126,0.00024455786,0.99966353
1127,0.07895002,0.9211001
1128,6.68766e-07,0.9999988
1129,0.002823025,0.9966475
1130,2.2303395e-07,0.99999964
1131,0.0001071325,0.9998517
1132,8.5724105e-06,0.99998677
1133,0.9738874,0.024516732
1134,4.384681e-06,0.99999225
1135,4.7361323e-07,0.9999993
1136,3.0234582e-06,0.99999535
1137,1.0088219e-06,0.99999833
1138,2.0443251e-06,0.99999666
1139,1.5602804e-05,0.9999785
1140,7.50514e-09,1.0
1141,0.14213783,0.8251661
1142,7.745705e-07,0.99999875
1143,6.4948076e-06,0.99998987
1144,5.8769863e-05,0.9999269
1145,0.041383058,0.958099
1146,1.1397747e-06,0.9999982
1147,0.00017336011,0.99976337
1148,5.018793e-08,1.0
1149,0.9975196,0.0025013983
1150,3.6563983e-05,0.9999479
1151,0.0024980009,0.9968841
1152,1.8621017e-06,0.99999696
1153,0.92932904,0.06902167
1154,7.2118147e-09,1.0
1155,2.0912237e-05,0.99997145
1156,1.52376e-07,0.99999976
1157,1.5832076e-05,0.99997574
1158,2.2799235e-05,0.9999684
1159,0.0019535422,0.99759823
1160,0.00042760372,0.9994415
1161,0.9780781,0.020077556
1162,4.732672e-06,0.9999925
1163,1.2967719e-06,0.9999981
1164,7.045483e-06,0.9999898
1165,1.5506198e-06,0.99999744
1166,1.4117686e-05,0.9999783
1167,3.9163655e-07,0.9999993
1168,0.00012059391,0.9998299
1169,1.0884996e-12,1.0
1170,1.2844876e-05,0.9999813
1171,0.9962997,0.003588438
1172,9.1804875e-09,1.0
1173,3.8952756e-05,0.9999435
1174,0.3778855,0.62277603
1175,7.347438e-07,0.99999875
1176,2.950744e-05,0.99995923
1177,0.9996773,0.00027757883
1178,7.27353e-11,1.0
1179,0.0011953115,0.998558
1180,0.9816097,0.017487615
1181,9.05291e-05,0.9998873
1182,3.92581e-06,0.9999936
1183,1.8100536e-07,0.99999964
1184,0.04055354,0.95739746
1185,0.8205571,0.18008378
1186,0.99517775,0.004375756
1187,1.3580898e-09,1.0
1188,2.3868452e-07,0.99999964
1189,9.9979676e-05,0.99987084
1190,7.5203644e-07,0.9999987
1191,0.00028195977,0.99962246
1192,1.4872533e-07,0.99999976
1193,0.8276262,0.181519
1194,1.5755779e-06,0.99999774
1195,1.5965206e-08,1.0
1196,2.0246184e-06,0.99999666
1197,1.0262669e-05,0.9999847
1198,1.0751927e-08,1.0
1199,7.649808e-07,0.9999989
1200,2.1458052e-05,0.9999689
1201,5.0048315e-10,1.0
1202,1.1979205e-07,0.9999997
1203,1.0047792e-05,0.9999845
1204,0.0009609461,0.99878484
1205,0.010586709,0.9856312
1206,2.0060399e-05,0.9999692
1207,2.2461125e-10,1.0
1208,0.8766001,0.123631984
1209,3.3349275e-05,0.999951
1210,8.9516897e-07,0.99999857
1211,3.0183225e-09,1.0
1212,1.1853484e-05,0.999982
1213,8.111354e-09,1.0
1214,4.8980728e-05,0.9999284
1215,1.7787076e-07,0.9999997
1216,0.0005573034,0.9992689
1217,2.1315727e-05,0.99996775
1218,9.774378e-07,0.9999984
1219,0.00033712387,0.99954695
1220,1.5491846e-06,0.9999974
1221,4.99505e-05,0.9999302
1222,0.9772608,0.022966743
1223,2.3750029e-06,0.9999962
1224,0.0017674267,0.9978718
1225,1.9152647e-07,0.99999964
1226,1.8253419e-06,0.999997
1227,0.00017336011,0.99976337
1228,0.04224789,0.9559759
1229,1.3436791e-05,0.9999792
1230,1.5314478e-07,0.99999976
1231,0.00034946203,0.99952424
1232,6.6245696e-11,1.0
1233,5.9505937e-06,0.9999907
1234,0.95534796,0.041112304
1235,8.268867e-11,1.0
1236,0.00020200014,0.9997289
1237,0.0024327934,0.9969964
1238,0.026294082,0.97404766
1239,1.4715021e-06,0.99999756
1240,0.00019904971,0.99972796
1241,0.6894597,0.32419902
1242,7.1661034e-08,1.0
1243,1.0650811e-08,1.0
1244,1.7689705e-05,0.9999733
1245,0.99925786,0.00068968534
1246,5.5059186e-08,1.0
1247,5.7238253e-06,0.9999909
1248,0.000279665,0.9996183
1249,0.0017305315,0.99656796
1250,3.7914756e-09,1.0
1251,2.9437706e-05,0.99995595
1252,8.2021645e-05,0.9998851
1253,1.0073385e-06,0.999998
1254,7.236414e-08,1.0
1255,8.165066e-06,0.9999872
1256,1.6318742e-07,0.9999997
1257,2.497888e-07,0.9999996
1258,0.74380374,0.26586807
1259,3.1812477e-09,1.0
1260,8.850327e-11,1.0
1261,0.9101398,0.08882195
1262,1.4210735e-06,0.9999976
1263,0.47213456,0.5359016
1264,5.15316e-06,0.9999917
1265,6.127167e-08,1.0
1266,0.54067165,0.4619947
1267,1.7920685e-07,0.99999964
1268,0.32757127,0.6564609
1269,0.99898165,0.0009914339
1270,1.5576278e-09,1.0
1271,9.10687e-06,0.99998295
1272,0.98014873,0.01918763
1273,0.00037270784,0.9995059
1274,0.00034037232,0.9995391
1275,0.97970784,0.020009369
1276,1.1820891e-07,0.99999976
1277,1.2807128e-09,1.0
1278,3.6190802e-05,0.99993783
1279,0.002915293,0.9964924
1280,2.131102e-08,1.0
1281,0.00032237172,0.99956626
1282,2.4516942e-09,1.0
1283,7.621351e-09,1.0
1284,7.5203644e-07,0.9999987
1285,4.205265e-06,0.9999912
1286,1.669088e-08,1.0
1287,3.60001e-05,0.99994683
1288,0.73398304,0.2607896
1289,6.4357705e-06,0.9999913
1290,0.00010635912,0.9998641
1291,1.2399441e-05,0.9999811
1292,1.6693389e-07,0.9999997
1293,2.0075449e-08,1.0
1294,2.771657e-06,0.999996
1295,6.0895877e-06,0.99999034
1296,4.7392073e-06,0.9999925
1297,2.6047192e-06,0.99999624
1298,4.097663e-09,1.0
1299,0.23727098,0.7660432
1300,1.276366e-05,0.9999813
1301,1.1489062e-09,1.0
1302,0.030302703,0.96683836
1303,4.1914095e-07,0.99999917
1304,0.7553345,0.25722545
1305,5.4134283e-08,1.0
1306,7.0102224e-06,0.9999898
1307,3.2664872e-07,0.9999994
1308,0.0001847744,0.9997654
1309,2.011841e-09,1.0
1310,0.99893796,0.0010442734
1311,0.0061540306,0.9926256
1312,0.085606605,0.9190161
1313,0.9685537,0.030764967
1314,0.014674813,0.983267
1315,1.9188226e-05,0.9999701
1316,2.146133e-12,1.0
1317,8.462441e-05,0.9998794
1318,5.8379555e-09,1.0
1319,0.8934293,0.10102001
1320,0.99854636,0.0014688373
1321,9.4899835e-05,0.9998661
1322,0.0017924905,0.99793386
1323,8.207868e-07,0.9999988
1324,2.8522984e-06,0.9999954
1325,7.8428075e-06,0.99998814
1326,0.99362326,0.006226927
1327,0.00033438206,0.9995503
1328,2.869595e-07,0.99999946
1329,3.5082982e-07,0.9999994
1330,9.822455e-07,0.99999857
1331,0.98725045,0.01238662
1332,0.9402475,0.060910642
1333,1.2603056e-14,1.0
1334,3.5261105e-10,1.0
1335,0.83861715,0.17335221
1336,7.77324e-07,0.9999987
1337,0.023714632,0.97408485
1338,8.6596765e-09,1.0
1339,5.244203e-08,1.0
1340,0.00028330088,0.9996327
1341,0.036347717,0.95935297
1342,4.236439e-05,0.99993837
1343,0.8868443,0.109550714
1344,0.0001924932,0.999736
1345,1.4795326e-10,1.0
1346,2.703456e-07,0.9999995
1347,2.5950825e-07,0.9999995
1348,1.1253024e-07,0.99999976
1349,8.165673e-08,1.0
1350,0.0016023517,0.99666566
1351,8.2719125e-05,0.9998839
1352,0.00025093555,0.9996627
1353,0.9376977,0.06364334
1354,8.766071e-06,0.9999864
1355,5.0025802e-17,1.0
1356,4.2180565e-12,1.0
1357,1.5389291e-07,0.9999997
1358,0.7302178,0.27319002
1359,0.052025467,0.9451448
1360,1.7739356e-05,0.99997294
1361,7.2051844e-06,0.9999887
1362,4.2215564e-09,1.0
1363,5.8587907e-06,0.99999213
1364,2.593268e-06,0.9999958
1365,7.762814e-06,0.99998415
1366,2.0448523e-09,1.0
1367,1.3776533e-05,0.99997854
1368,0.99830425,0.0014398098
1369,0.0010663569,0.9987047
1370,2.3461662e-05,0.9999647
1371,0.2313757,0.7678764
1372,0.0006766319,0.9991283
1373,6.1026445e-10,1.0
1374,0.8185325,0.17712891
1375,0.00038340688,0.9994987
1376,0.9291693,0.07036999
1377,9.389919e-07,0.9999984
1378,0.84458685,0.15635577
1379,9.068965e-05,0.99987143
1380,5.4250567e-08,1.0
1381,1.5026191e-05,0.99997604
1382,5.037576e-06,0.9999924
1383,4.6835556e-08,1.0
1384,2.4114686e-07,0.9999996
1385,0.003758639,0.9954747
1386,3.5196133e-06,0.9999943
1387,5.451869e-05,0.9999314
1388,3.3396303e-15,1.0
1389,4.4569228e-05,0.9999405
1390,0.00022190809,0.9996971
1391,1.02485395e-10,1.0
1392,1.6115648e-05,0.9999751
1393,0.9841461,0.016193599
1394,1.3645869e-08,1.0
1395,0.9981899,0.001704663
1396,1.0346977e-07,0.9999999
1397,1.1361105e-05,0.99998224
1398,0.9860573,0.014120728
1399,0.0002129674,0.9997419
1400,3.245515e-07,0.9999994
1401,1.5133834e-09,1.0
1402,3.4207737e-06,0.9999944
1403,0.00016772747,0.9997778
1404,4.2343004e-06,0.9999932
1405,1.1280052e-08,1.0
1406,6.7975316e-07,0.9999989
1407,0.9935596,0.006381899
1408,9.929059e-07,0.99999845
1409,4.5655535e-05,0.999934
1410,0.9966862,0.0029664338
1411,5.2000786e-08,1.0
1412,0.00048416853,0.9993535
1413,0.98237896,0.017308652
1414,3.307533e-07,0.9999994
1415,0.0003363788,0.9995481
1416,2.5137836e-06,0.99999595
1417,4.660997e-13,1.0
1418,5.625699e-10,1.0
1419,4.3451396e-06,0.9999931
1420,0.16117361,0.8393762
1421,6.566486e-06,0.9999912
1422,4.948574e-05,0.9999287
1423,0.94447243,0.05641502
1424,0.025870591,0.97006553
1425,1.0906452e-05,0.9999827
1426,1.7555966e-06,0.99999714
1427,6.5816957e-06,0.9999904
1428,3.8592807e-06,0.99999374
1429,0.00017127395,0.9997649
1430,6.1831723e-10,1.0
1431,0.00788331,0.98536086
1432,0.0009921491,0.9987854
1433,0.9061321,0.09699237
1434,0.9972323,0.0026904643
1435,0.0009227991,0.9988105
1436,3.8247643e-05,0.9999455
1437,0.9972113,0.0026575327
1438,0.0005442202,0.99929094
1439,0.29972163,0.7068691
1440,7.4907202e-06,0.9999881
1441,1.2070252e-06,0.9999982
1442,4.3037685e-09,1.0
1443,0.00015774369,0.9997798
1444,1.6357617e-07,0.99999976
1445,1.4547401e-06,0.9999975
1446,1.9987594e-06,0.99999666
1447,3.4693472e-05,0.9999492
1448,1.8118805e-09,1.0
1449,9.545888e-09,1.0
1450,1.3576808e-05,0.9999794
1451,1.821062e-07,0.9999997
1452,3.9011417e-07,0.9999993
1453,2.609397e-07,0.9999996
1454,6.8884997e-06,0.9999889
1455,1.7442568e-06,0.9999971
1456,1.1642566e-05,0.99998236
1457,0.98803914,0.012147844
1458,0.00025635958,0.99965334
1459,3.997526e-07,0.9999994
1460,0.99832284,0.0016924441
1461,9.857174e-13,1.0
1462,7.265342e-09,1.0
1463,0.72930217,0.27681464
1464,0.9241705,0.07408875
1465,2.1381446e-07,0.99999964
1466,0.00032120943,0.999586
1467,0.15980864,0.81196064
1468,4.7658374e-05,0.99993104
1469,4.009014e-09,1.0
1470,2.044329e-06,0.99999666
1471,1.363101e-07,0.9999997
1472,1.0838178e-08,1.0
1473,0.0008022487,0.9989592
1474,0.00017336011,0.99976337
1475,0.98763543,0.012175769
1476,3.8425947e-05,0.9999432
1477,8.93174e-06,0.99998593
1478,5.4996297e-05,0.9999201
1479,1.427625e-06,0.9999976
1480,0.73024637,0.28682795
1481,0.98801106,0.0121307075
1482,1.5388845e-06,0.9999974
1483,1.3199608e-06,0.999998
1484,0.0007315278,0.99905026
1485,1.1528895e-05,0.99997795
1486,0.98929334,0.010149598
1487,9.414641e-05,0.99986947
1488,4.65492e-13,1.0
1489,2.1192943e-06,0.99999654
1490,1.7978972e-07,0.9999997
1491,6.923128e-08,1.0
1492,1.1469249e-05,0.9999825
1493,1.0772831e-05,0.9999854
1494,0.00037044287,0.99951136
1495,8.510497e-11,1.0
1496,6.9212166e-07,0.99999875
1497,3.850617e-09,1.0
1498,7.3992196e-05,0.9999072
1499,9.376573e-06,0.99998534
1500,2.4692602e-07,0.9999995
1501,8.767911e-06,0.9999862
1502,0.9901703,0.009536535
1503,5.5523206e-08,1.0
1504,0.071790755,0.927564
1505,0.00033646822,0.99955094
1506,0.9924854,0.0074139833
1507,0.00088980794,0.9989092
1508,3.0832023e-06,0.999995
1509,5.567559e-12,1.0
1510,0.00013625622,0.99981487
1511,8.473269e-09,1.0
1512,6.018748e-07,0.9999989
1513,2.443513e-05,0.9999639
1514,0.053009987,0.9430026
1515,0.5982064,0.41414967
1516,0.003260702,0.9963478
1517,0.01600802,0.9824467
1518,0.97351986,0.02423951
1519,5.640422e-07,0.999999
1520,1.3994322e-05,0.9999788
1521,3.14288e-06,0.9999943
1522,2.6391514e-05,0.99996036
1523,0.00041007996,0.99915755
1524,0.0023207366,0.9973984
1525,1.878736e-09,1.0
1526,0.9834502,0.01626566
1527,3.2927095e-05,0.9999534
1528,4.9895198e-06,0.99999225
1529,6.6536384e-05,0.9999049
1530,2.7806847e-08,1.0
1531,5.8497034e-09,1.0
1532,2.481866e-06,0.999996
1533,1.1037361e-05,0.999983
1534,4.520777e-08,1.0
1535,1.03653676e-07,0.9999998
1536,0.00029477477,0.99960876
1537,0.010146618,0.98891765
1538,0.000105265164,0.9998518
1539,4.9715345e-07,0.99999905
1540,4.7392073e-06,0.9999925
1541,3.4083148e-06,0.9999945
1542,0.0064658523,0.9922218
1543,1.6610594e-08,1.0
1544,0.002007693,0.99748564
1545,2.77625e-11,1.0
1546,0.99834096,0.0014913082
1547,7.41663e-08,0.99999976
1548,2.902406e-08,1.0
1549,0.00041291118,0.999481
1550,0.0004503131,0.99941146
1551,0.00026497245,0.9996647
1552,8.1124256e-08,1.0
1553,4.9344595e-07,0.9999991
1554,1.1626671e-06,0.99999815
1555,0.6427069,0.38183248
1556,0.080911726,0.91355324
1557,9.4396285e-08,0.9999998
1558,3.6093877e-07,0.9999994
1559,2.9841402e-05,0.9999552
1560,3.530275e-05,0.9999504
1561,7.383726e-07,0.9999987
1562,1.0407043e-08,1.0
1563,1.8872535e-05,0.9999716
1564,0.020530313,0.97839725
1565,4.7276826e-06,0.9999924
1566,6.733514e-07,0.9999988
1567,4.6058986e-08,1.0
1568,0.1742835,0.82414603
1569,0.0003040135,0.9995816
1570,0.020127207,0.97702235
1571,0.00087565184,0.99898374
1572,3.9038663e-05,0.999943
1573,2.4643548e-11,1.0
1574,0.12557054,0.86151445
1575,1.7340367e-06,0.99999714
1576,0.0036958158,0.99558383
1577,3.5910566e-07,0.9999995
1578,3.7437963e-05,0.9999474
1579,1.6482518e-05,0.99997485
1580,3.354979e-11,1.0
1581,3.7715043e-05,0.9999446
1582,6.446288e-11,1.0
1583,0.92735213,0.07406515
1584,0.00017550588,0.9997598
1585,2.1281869e-05,0.9999682
1586,1.2222674e-09,1.0
1587,0.010891318,0.9875881
1588,3.8149265e-06,0.9999939
1589,0.0030887425,0.99631345
1590,5.7774906e-07,0.999999
1591,0.00084748864,0.9989075
1592,3.664666e-10,1.0
1593,7.134575e-11,1.0
1594,0.00050100684,0.99933225
1595,0.09094483,0.90715706
1596,2.541605e-09,1.0
1597,5.9818135e-06,0.99999166
1598,6.399965e-08,1.0
1599,1.1775795e-05,0.9999825
1600,3.445692e-05,0.9999547
1601,1.9496221e-10,1.0
1602,0.003255844,0.996091
1603,0.040914804,0.9528296
1604,1.3137888e-07,0.99999976
1605,3.819284e-06,0.9999939
1606,1.7160057e-05,0.9999742
1607,8.9132104e-11,1.0
1608,0.97163045,0.027960539
1609,2.19595e-05,0.9999671
1610,1.6975267e-07,0.99999964
1611,1.1071814e-05,0.9999831
1612,3.149792e-05,0.9999536
1613,1.971408e-06,0.9999951
1614,0.55529726,0.4055149
1615,8.735884e-10,1.0
1616,1.4572406e-08,1.0
1617,0.99917436,0.00081032515
1618,5.6861698e-08,1.0
1619,7.833906e-13,1.0
1620,1.0656273e-09,1.0
1621,5.3359445e-10,1.0
1622,0.00012303365,0.99982893
1623,2.1127292e-14,1.0
1624,1.0903291e-05,0.99998313
1625,3.9256374e-06,0.99999404
1626,1.4133593e-09,1.0
1627,0.9950592,0.004914105
1628,0.9054743,0.0936231
1629,2.0478014e-05,0.99996924
1630,5.1382543e-05,0.99992627
1631,0.39634228,0.5914325
1632,1.095437e-09,1.0
1633,5.1382445e-05,0.99992627
1634,9.8044154e-08,0.9999998
1635,4.4990486e-08,1.0
1636,0.00026258826,0.99964416
1637,0.9979026,0.0017233193
1638,9.0640617e-07,0.99999845
1639,0.78671724,0.2153658
1640,0.92993426,0.06909415
1641,2.06045e-09,1.0
1642,6.6350334e-09,1.0
1643,4.1455183e-07,0.9999993
1644,7.4374757e-06,0.99998736
1645,2.9117285e-07,0.99999946
1646,0.9930299,0.007160187
1647,2.3442916e-09,1.0
1648,0.000111522735,0.9998682
1649,6.138472e-10,1.0
1650,3.2473698e-05,0.99995387
1651,0.0001257062,0.999823
1652,4.79956e-06,0.9999924
1653,1.7555966e-06,0.99999714
1654,1.6969608e-08,1.0
1655,3.413212e-07,0.9999994
1656,1.1158098e-05,0.9999829
1657,6.513392e-13,1.0
1658,1.6199486e-09,1.0
1659,0.00022825599,0.99969435
1660,6.0327067e-05,0.9999168
1661,0.002299875,0.99725306
1662,8.9984416e-05,0.99988115
1663,9.1963884e-08,0.9999999
1664,0.00017917156,0.99976134
1665,5.7908128e-05,0.9999166
1666,5.273494e-11,1.0
1667,0.007378787,0.99136215
1668,0.0009609461,0.99878484
1669,0.0011111498,0.99871373
1670,8.191087e-07,0.9999985
1671,8.713196e-06,0.9999864
1672,0.9980935,0.0018180907
1673,0.0013862252,0.997888
1674,0.00013291836,0.9998146
1675,2.0129425e-09,1.0
1676,8.297468e-06,0.9999872
1677,1.4840725e-05,0.9999782
1678,5.1382445e-05,0.99992627
1679,3.866868e-07,0.9999993
1680,1.8795291e-06,0.9999974
1681,8.673358e-10,1.0
1682,0.030592382,0.96622366
1683,1.3782281e-06,0.9999966
1684,0.0009059906,0.9988309
1685,3.6784307e-08,1.0
1686,0.00020474195,0.9997257
1687,1.8935408e-08,1.0
1688,0.9600223,0.039170325
1689,0.0002361536,0.99968123
1690,1.0925029e-06,0.9999982
1691,7.181582e-11,1.0
1692,0.0008267462,0.998929
1693,0.22245637,0.7803247
1694,0.00026115775,0.9995675
1695,4.4287604e-10,1.0
1696,0.0003040135,0.9995905
1697,1.6082853e-05,0.9999757
1698,0.97638285,0.024241507
1699,0.0013278127,0.9983481
1700,0.005195439,0.99378395
1701,0.00040715933,0.99950945
1702,0.00013318658,0.9998257
1703,0.014270633,0.98439354
1704,4.4567887e-06,0.99999297
1705,1.674081e-06,0.9999973
1706,0.97981036,0.019587904
1707,6.774162e-09,1.0
1708,3.67504e-06,0.99999416
1709,5.3924678e-06,0.9999914
1710,2.1431495e-06,0.9999965
1711,1.7778156e-07,0.99999964
1712,4.8429338e-05,0.9999325
1713,0.99789196,0.0018168092
1714,0.001118809,0.9987486
1715,1.6860971e-05,0.9999771
1716,4.0146686e-09,1.0
1717,0.99774545,0.002140522
1718,0.9229307,0.07762098
1719,0.004399687,0.9932995
1720,7.5743264e-05,0.9998919
1721,4.894005e-07,0.99999905
1722,0.00019741058,0.99972856
1723,1.1002542e-07,0.99999976
1724,4.1256815e-10,1.0
1725,0.00025093555,0.9996627
1726,0.002690941,0.9966985
1727,0.9986744,0.001321584
1728,0.00026482344,0.9996425
1729,2.6899465e-07,0.9999995
1730,1.24439e-07,0.99999976
1731,0.001711756,0.99785995
1732,2.485022e-07,0.9999996
1733,0.26888156,0.7288507
1734,8.761529e-05,0.9998774
1735,5.7792295e-06,0.99999094
1736,1.5911528e-05,0.9999757
1737,0.00066936016,0.9991425
1738,5.912272e-09,1.0
1739,1.1223009e-08,1.0
1740,0.9883443,0.011480212
1741,3.6965364e-05,0.99992543
1742,1.6976633e-08,1.0
1743,0.69200516,0.2999267
1744,7.042376e-05,0.99989927
1745,0.87536854,0.12586588
1746,3.5745174e-08,1.0
1747,3.0253389e-06,0.9999948
1748,1.7224114e-07,0.9999997
1749,3.5626113e-07,0.9999994
1750,3.8766195e-11,1.0
1751,0.0004337132,0.9994334
1752,2.178861e-05,0.99996114
1753,7.60665e-10,1.0
1754,3.7733065e-07,0.9999993
1755,2.0058083e-05,0.9999699
1756,0.011876047,0.98651206
1757,3.502199e-08,1.0
1758,0.6295075,0.38126636
1759,0.00020962954,0.99972534
1760,4.9568516e-06,0.999992
1761,0.02499199,0.9703659
1762,0.066865504,0.9304251
1763,8.719896e-06,0.99998635
1764,0.017700076,0.9803395
1765,4.789445e-10,1.0
1766,0.00013819337,0.9997747
1767,4.9225355e-07,0.9999991
1768,5.342185e-05,0.9999219
1769,3.7365658e-07,0.9999993
1770,0.0141222775,0.98409796
1771,7.347438e-07,0.99999875
1772,2.112923e-10,1.0
1773,0.57682014,0.420533
1774,0.98790336,0.012079239
1775,0.9996183,0.00030997396
1776,1.654291e-05,0.9999747
1777,6.1454903e-06,0.9999907
1778,0.060249448,0.9386598
1779,2.5309553e-05,0.9999621
1780,5.200371e-10,1.0
1781,0.062283754,0.9337756
1782,0.9970715,0.0028794706
1783,8.496598e-07,0.9999987
1784,6.3204226e-08,1.0
1785,7.448694e-07,0.9999987
1786,0.45437977,0.53351986
1787,0.00034844875,0.9995325
1788,0.00028142333,0.9996121
1789,3.9213402e-05,0.9999432
1790,0.009340972,0.98915124
1791,0.8468671,0.15203416
1792,4.834579e-06,0.9999927
1793,0.00015628338,0.9997847
1794,1.9509404e-05,0.99997187
1795,4.071438e-06,0.9999936
1796,2.1179114e-05,0.9999677
1797,1.0026444e-09,1.0
1798,8.285643e-05,0.99988306
1799,8.638601e-07,0.9999985
1800,2.6186706e-07,0.9999995
1801,0.12554166,0.8713211
1802,4.0160395e-09,1.0
1803,0.0001213888,0.99983203
1804,0.6479579,0.2988147
1805,2.5838067e-09,1.0
1806,4.5873847e-05,0.9999334
1807,5.1382445e-05,0.99992627
1808,0.52501154,0.48712412
1809,9.797973e-14,1.0
1810,2.3033053e-05,0.999966
1811,0.0005712509,0.9992711
1812,5.402245e-07,0.99999905
1813,1.9958974e-05,0.9999715
1814,4.135199e-06,0.9999934
1815,1.6882515e-05,0.9999542
1816,0.9994694,0.00052818656
1817,0.00021389127,0.99962807
1818,4.980487e-06,0.999992
1819,1.8336146e-05,0.9999721
1820,0.97646177,0.023665518
1821,0.99709725,0.0029269755
1822,0.8771809,0.1219697
1823,5.7081425e-06,0.999991
1824,0.010088116,0.9883179
1825,2.8175826e-11,1.0
1826,0.0050458014,0.9940417
1827,0.040665567,0.95614743
1828,0.0008969605,0.99886525
1829,0.00024312735,0.9996722
1830,2.3035412e-08,1.0
1831,7.710017e-06,0.9999879
1832,0.00011180525,0.9998446
1833,2.6829755e-05,0.9999635
1834,0.99973565,0.00022530556
1835,4.378093e-09,1.0
1836,1.00522514e-10,1.0
1837,0.9462491,0.055412143
1838,4.8937277e-06,0.99999225
1839,2.9267072e-10,1.0
1840,7.729115e-15,1.0
1841,3.884966e-05,0.99994266
1842,0.0006996989,0.9990909
1843,0.91351265,0.08531347
1844,1.536596e-05,0.9999769
1845,5.1382445e-05,0.99992627
1846,4.1252707e-07,0.9999993
1847,4.7986516e-05,0.9999308
1848,7.4368405e-09,1.0
1849,0.14648518,0.8539484
1850,6.700897e-10,1.0
1851,8.116546e-07,0.9999988
1852,4.232869e-05,0.9999385
1853,0.102170885,0.8858694
1854,5.1382543e-05,0.99992627
1855,2.930155e-09,1.0
1856,0.0024071932,0.9972037
1857,0.52501154,0.48712412
1858,8.04164e-11,1.0
1859,1.565459e-06,0.9999974
1860,0.0010272264,0.99868655
1861,0.61519885,0.3584594
1862,0.91184145,0.089790106
1863,1.2900254e-05,0.99998033
1864,0.9099003,0.0929659
1865,1.5218504e-05,0.99997675
1866,6.028836e-07,0.99999905
1867,2.3750029e-06,0.9999962
1868,2.535774e-06,0.9999957
1869,0.00018268824,0.9997531
1870,0.09008533,0.89023775
1871,3.3052405e-05,0.99995065
1872,2.1296717e-08,1.0
1873,4.1640225e-05,0.99993885
1874,2.5847496e-06,0.9999957
1875,0.017897666,0.9791472
1876,1.3430953e-08,1.0
1877,2.0940088e-06,0.99999666
1878,5.6201674e-09,1.0
1879,3.0901004e-09,1.0
1880,0.3124476,0.6965666
1881,0.0009653568,0.99878687
1882,0.00070756674,0.99908197
1883,2.109079e-09,1.0
1884,1.0048312e-08,1.0
1885,5.861526e-07,0.99999905
1886,1.0876324e-08,1.0
1887,1.1499213e-09,1.0
1888,1.9686624e-12,1.0
1889,0.000243783,0.9996685
1890,4.8726437e-05,0.99993
1891,0.00016438961,0.9996704
1892,2.269955e-10,1.0
1893,1.00418795e-07,0.9999999
1894,0.00015220046,0.999791
1895,0.05048123,0.94658875
1896,3.479136e-08,1.0
1897,1.6825592e-06,0.99999744
1898,4.5068642e-08,1.0
1899,0.03368646,0.962375
1900,3.500386e-06,0.99999493
1901,1.3115199e-06,0.99999785
1902,1.1459725e-07,0.99999976
1903,0.00087058544,0.9988816
1904,4.0819687e-05,0.9999443
1905,3.3910985e-10,1.0
1906,3.9485526e-06,0.9999937
1907,3.6856838e-07,0.9999993
1908,3.1137726e-05,0.9999342
1909,0.99355114,0.006437123
1910,0.95746386,0.041505694
1911,3.7184327e-07,0.9999992
1912,0.03583014,0.9611343
1913,3.8535327e-06,0.99999386
1914,2.717189e-18,1.0
1915,0.9229307,0.07762098
1916,2.9856e-09,1.0
1917,1.0419894e-06,0.9999982
1918,2.8272973e-07,0.99999946
1919,5.5782933e-05,0.99991953
1920,3.4236555e-06,0.9999944
1921,0.98186743,0.017833024
1922,8.573289e-05,0.9998772
1923,8.0756365e-08,0.9999999
1924,3.5383204e-05,0.9999479
1925,0.00073188543,0.99912614
1926,3.165538e-05,0.9999555
1927,4.286998e-09,1.0
1928,1.7045182e-09,1.0
1929,3.6323784e-09,1.0
1930,0.014154136,0.9840684
1931,1.4129257e-05,0.9999784
1932,3.2600753e-13,1.0
1933,2.148392e-10,1.0
1934,0.9466431,0.057117105
1935,0.00043481588,0.9994353
1936,1.0699752e-06,0.9999982
1937,4.394922e-11,1.0
1938,3.1323427e-05,0.99995446
1939,0.94194293,0.058742315
1940,1.3810438e-06,0.99999774
1941,0.8761798,0.12662539
1942,3.3077e-07,0.9999994
1943,1.506374e-07,0.9999997
1944,1.988521e-06,0.9999967
1945,1.9464185e-11,1.0
1946,1.4001564e-06,0.9999977
1947,2.2844843e-06,0.9999964
1948,0.97357744,0.024601042
1949,0.006822467,0.99233234
1950,0.0010133684,0.9984832
1951,1.851962e-05,0.999972
1952,3.088034e-08,1.0
1953,3.8419365e-10,1.0
1954,1.2000319e-06,0.999998
1955,1.098735e-05,0.99998176
1956,0.0001770854,0.9997541
1957,0.9977327,0.00215137
1958,0.0001213888,0.99983203
1959,0.019319177,0.9785034
1960,0.0105929375,0.9880369
1961,0.0003709197,0.9995091
1962,1.2016174e-05,0.999978
1963,0.0029152334,0.9964925
1964,2.002728e-06,0.9999967
1965,4.387343e-05,0.99994034
1966,0.08679259,0.91060233
1967,1.3405637e-05,0.9999822
1968,2.0105617e-05,0.9999701
1969,5.6016033e-06,0.9999912
1970,0.008953482,0.98997134
1971,4.9591426e-07,0.9999992
1972,5.3139194e-12,1.0
1973,1.07612884e-07,0.99999976
1974,7.818224e-06,0.9999892
1975,4.9742566e-09,1.0
1976,2.2324997e-05,0.9999665
1977,0.002494216,0.99693376
1978,9.171396e-07,0.99999845
1979,1.6801556e-08,1.0
1980,2.5894114e-09,1.0
1981,0.3783697,0.5731502
1982,1.9190942e-08,1.0
1983,0.002915293,0.9964924
1984,7.2586874e-05,0.9998986
1985,1.1929078e-05,0.99998283
1986,7.815446e-07,0.9999987
1987,8.837022e-10,1.0
1988,8.130193e-08,0.9999999
1989,7.9737165e-06,0.9999877
1990,7.710936e-06,0.99998856
1991,0.00011072094,0.99984777
1992,1.594575e-09,1.0
1993,0.0007171631,0.99908614
1994,7.023191e-06,0.9999901
1995,0.89381856,0.10599974
1996,0.9978364,0.002070576
1997,1.1806319e-06,0.999998
1998,0.99471456,0.005193621
1999,0.0007523298,0.9990487
2000,7.039878e-07,0.99999875
2001,0.91118604,0.09471607
2002,3.1994914e-05,0.9999527
2003,1.9812196e-10,1.0
2004,6.935929e-06,0.99998915
2005,0.0001424849,0.9998007
2006,1.1823486e-05,0.999982
2007,2.8909032e-08,1.0
2008,5.9621894e-09,1.0
2009,3.4325858e-05,0.99995327
2010,0.00046125054,0.99935675
2011,2.4893874e-08,1.0
2012,4.9981545e-06,0.999992
2013,2.525552e-05,0.9999626
2014,1.9329063e-12,1.0
2015,1.1060916e-06,0.9999981
2016,7.3348085e-05,0.99991053
2017,7.3504305e-07,0.99999875
2018,3.0966363e-10,1.0
2019,0.014822215,0.98430294
2020,0.99967545,0.0003118813
2021,0.0010379553,0.9987459
2022,0.99642056,0.002892822
2023,0.00047326088,0.99938583
2024,0.9949716,0.005047828
2025,1.2884664e-05,0.99998003
2026,1.9092148e-08,1.0
2027,2.628204e-08,1.0
2028,1.824056e-08,1.0
2029,0.82974535,0.17326227
2030,1.3347045e-07,0.9999997
2031,0.9392749,0.05911529
2032,0.97472644,0.024450332
2033,7.31054e-11,1.0
2034,0.9982186,0.0016499162
2035,0.004537225,0.9946604
2036,7.3624157e-10,1.0
2037,1.0681596e-11,1.0
2038,4.520717e-06,0.99999285
2039,2.4356028e-05,0.99996424
2040,2.3507228e-06,0.99999666
2041,4.662437e-06,0.9999931
2042,0.00056391954,0.9992696
2043,1.6617717e-07,0.99999964
2044,8.46608e-09,1.0
2045,7.4950185e-07,0.99999875
2046,0.97970045,0.01984796
2047,3.374184e-05,0.9999511
2048,0.03583014,0.9611343
2049,0.012690306,0.98712575
2050,5.1845973e-07,0.99999917
2051,9.615679e-12,1.0
2052,1.6235083e-06,0.9999976
2053,0.027093023,0.97067046
2054,1.1436324e-06,0.99999815
2055,0.00021100044,0.9997463
2056,4.07719e-13,1.0
2057,0.96134293,0.037786216
2058,1.2772804e-09,1.0
2059,4.5842265e-07,0.9999992
2060,5.8519497e-08,1.0
2061,3.8603368e-10,1.0
2062,4.822604e-05,0.999931
2063,0.9154519,0.08509901
2064,2.29785e-06,0.9999963
2065,0.7018307,0.30972046
2066,5.7320896e-08,1.0
2067,2.569345e-06,0.9999963
2068,0.003861308,0.99573135
2069,0.0025433898,0.99683493
2070,5.926659e-08,1.0
2071,1.5533735e-07,0.9999997
2072,2.8704203e-06,0.9999953
2073,0.00055512786,0.99925995
2074,4.5454425e-07,0.99999934
2075,6.0118555e-06,0.99999124
2076,0.8422754,0.1542665
2077,0.99877584,0.0010352135
2078,0.007781774,0.9909804
2079,0.0009524822,0.9987768
2080,0.0015440285,0.9980148
2081,5.5666364e-06,0.9999912
2082,2.1155515e-07,0.9999996
2083,1.4199066e-05,0.9999782
2084,8.389489e-08,0.9999999
2085,2.3891067e-07,0.99999964
2086,1.9696997e-06,0.999997
2087,0.019434035,0.97472954
2088,0.7510129,0.25327098
2089,1.5799105e-07,0.99999964
2090,1.5034219e-07,0.9999997
2091,0.7877526,0.22139955
2092,0.8222224,0.1773541
2093,3.7084878e-13,1.0
2094,1.5361842e-07,0.99999964
2095,0.19128147,0.7809768
2096,0.98663855,0.011108816
2097,1.1929078e-05,0.99998283
2098,4.7121803e-06,0.9999925
2099,0.00011435561,0.99985963
2100,4.4057305e-08,1.0
2101,5.350503e-06,0.99999154
2102,0.028359056,0.96848375
2103,0.9954604,0.0043393075
2104,3.0203242e-07,0.99999946
2105,3.028774e-08,1.0
2106,7.5928256e-07,0.9999986
2107,0.00060766935,0.9992119
2108,4.7453896e-06,0.9999912
2109,0.0003169179,0.99958026
2110,0.32998335,0.68405205
2111,4.750672e-05,0.9998844
2112,3.5337223e-08,1.0
2113,3.1317958e-07,0.9999994
2114,0.92385197,0.07493284
2115,5.528444e-06,0.9999913
2116,9.497017e-09,1.0
2117,4.728188e-06,0.9999923
2118,1.1191534e-06,0.99999815
2119,9.724703e-12,1.0
2120,0.016115129,0.9815926
2121,6.161546e-06,0.99999034
2122,2.3860702e-08,1.0
2123,8.146652e-05,0.9998851
2124,0.021943688,0.975498
2125,1.30659155e-11,1.0
2126,0.9957789,0.004078865
2127,0.12639683,0.87265253
2128,0.009978473,0.98838973
2129,1.4669581e-06,0.9999975
2130,0.003800124,0.9956708
2131,0.8054795,0.18585879
2132,1.9318638e-06,0.9999968
2133,1.6090862e-05,0.99997526
2134,1.6708329e-05,0.99997413
2135,0.97071254,0.028710514
2136,0.9784776,0.021749318
2137,3.0914067e-05,0.9999316
2138,0.9921771,0.0076656938
2139,0.005636424,0.99359095
2140,1.4488785e-07,0.99999976
2141,2.4587175e-06,0.99999595
2142,0.9953656,0.004510224
2143,1.6983704e-05,0.999971
2144,0.00028574467,0.99961746
2145,0.98622817,0.012289941
2146,4.2117324e-07,0.9999992
2147,0.00021761656,0.999702
2148,1.0760987e-06,0.99999815
2149,2.9194653e-06,0.9999952
2150,0.99649996,0.0033524036
2151,9.021124e-09,1.0
2152,3.7424002e-07,0.9999994
2153,3.4627078e-06,0.99999446
2154,0.007034451,0.992046
2155,2.5586655e-07,0.99999964
2156,2.6037254e-08,1.0
2157,7.307941e-05,0.9998955
2158,0.9596181,0.038998634
2159,0.0006876886,0.99912024
2160,0.99141276,0.008368313
2161,7.488442e-08,1.0
2162,0.744535,0.25938976
2163,5.7131772e-05,0.9999173
2164,0.00028401613,0.9996227
2165,0.9990527,0.00085502863
2166,8.7937263e-10,1.0
2167,0.0007864535,0.99898875
2168,3.354305e-05,0.9999518
2169,5.4532493e-06,0.9999914
2170,1.8994993e-07,0.99999964
2171,1.9991989e-05,0.99996984
2172,3.3496488e-06,0.9999918
2173,0.77340245,0.23261505
2174,2.566165e-09,1.0
2175,7.781785e-09,1.0
2176,0.0025609732,0.99686825
2177,0.00045979023,0.9994451
2178,6.0788766e-06,0.99999034
2179,1.2194824e-09,1.0
2180,0.00024968386,0.99966174
2181,9.020764e-05,0.9998727
2182,0.00028195977,0.99962246
2183,6.400316e-07,0.999999
2184,0.0009403229,0.9988142
2185,9.1195795e-07,0.99999845
2186,5.1727856e-08,1.0
2187,1.9972396e-07,0.99999964
2188,2.1693711e-05,0.99996704
2189,1.36703366e-11,1.0
2190,1.0173215e-05,0.99998564
2191,2.755062e-06,0.9999955
2192,0.9549686,0.05176094
2193,1.4506524e-07,0.9999997
2194,0.009464711,0.98996997
2195,2.6786586e-06,0.9999955
2196,2.8787763e-06,0.9999953
2197,0.5190682,0.4895311
2198,3.991664e-12,1.0
2199,3.5653116e-08,1.0
2200,5.1382445e-05,0.99992627
2201,0.008828998,0.98976684
2202,4.3557734e-06,0.9999932
2203,0.9622843,0.035920054
2204,0.14306417,0.8581713
2205,1.7457456e-05,0.99997324
2206,1.1511546e-07,0.99999976
2207,0.00027742982,0.9996289
2208,0.5377138,0.44855976
2209,0.00022101402,0.99969727
2210,4.128357e-05,0.99994063
2211,0.0016196668,0.9979427
2212,0.0029152334,0.9964925
2213,0.9797226,0.019922018
2214,4.9594523e-06,0.99999213
2215,0.7842369,0.22593832
2216,1.8969804e-06,0.9999973
2217,0.0004930496,0.9993532
2218,3.5383204e-05,0.9999479
2219,0.0007455945,0.99903953
2220,6.0917738e-09,1.0
2221,0.00030219555,0.9995962
2222,0.021925658,0.97719526
2223,1.6514701e-06,0.99999726
2224,0.00025093555,0.9996627
2225,2.3119928e-06,0.9999962
2226,0.012560189,0.98558354
2227,1.6031719e-09,1.0
2228,0.9236165,0.077040106
2229,5.056714e-06,0.9999923
2230,5.2245905e-06,0.9999918
2231,1.4839861e-07,0.9999997
2232,0.4298932,0.5747453
2233,1.4872703e-07,0.99999976
2234,9.85963e-07,0.99999833
2235,3.340767e-06,0.99999464
2236,0.00062790513,0.99918485
2237,1.7724177e-06,0.99999714
2238,0.9816977,0.017986149
2239,0.7900462,0.21211544
2240,3.8752137e-06,0.99999386
2241,1.527664e-05,0.9999798
2242,0.6589092,0.34543175
2243,5.8800753e-05,0.9999149
2244,7.095793e-06,0.99998945
2245,3.0722126e-12,1.0
2246,0.01644963,0.98154736
2247,2.807966e-09,1.0
2248,3.6063084e-05,0.9999467
2249,5.261313e-07,0.99999905
2250,0.00023946166,0.99969405
2251,1.3912489e-08,1.0
2252,5.1382445e-05,0.99992627
2253,5.6190365e-11,1.0
2254,0.9359398,0.06211415
2255,0.9223083,0.07795775
2256,0.67928505,0.32628614
2257,0.0035958886,0.99567115
2258,0.9333864,0.06603962
2259,3.826783e-10,1.0
2260,2.590869e-05,0.99996173
2261,3.99267e-08,1.0
2262,9.843344e-06,0.9999844
2263,0.7827951,0.22557211
2264,0.00061911345,0.99920774
2265,0.0003054738,0.99958587
2266,4.6338673e-06,0.99999255
2267,8.1955743e-14,1.0
2268,0.9774782,0.022092432
2269,2.474581e-05,0.99996424
2270,1.5531274e-09,1.0
2271,1.4398768e-07,0.99999976
2272,3.9953084e-05,0.99994135
2273,1.1308812e-06,0.9999981
2274,8.4960305e-07,0.99999845
2275,7.535236e-08,1.0
2276,3.1094495e-14,1.0
2277,5.1382445e-05,0.99992627
2278,1.7455925e-05,0.99997365
2279,0.07354468,0.92426515
2280,0.88801634,0.112695366
2281,4.0241036e-10,1.0
2282,2.6447825e-07,0.9999995
2283,1.6621014e-05,0.9999755
2284,2.9460578e-10,1.0
2285,0.010197818,0.9884472
2286,1.6877934e-08,1.0
2287,0.00014919043,0.999791
2288,3.8732013e-09,1.0
2289,0.00032043457,0.9995792
2290,7.3283786e-08,1.0
2291,0.00033855438,0.9995471
2292,5.244314e-06,0.9999913
2293,0.99919766,0.00069728494
2294,6.5647175e-05,0.9998829
2295,0.0002632141,0.99967605
2296,0.9159294,0.08292171
2297,1.637407e-05,0.9999758
2298,1.5600051e-07,0.99999976
2299,7.345372e-05,0.99987066
2300,7.5202354e-07,0.9999989
2301,3.7195965e-05,0.9999459
2302,6.267003e-08,1.0
2303,0.9918304,0.007171333
2304,9.80257e-05,0.9998621
2305,1.8233011e-06,0.999997
2306,8.022054e-07,0.9999987
2307,2.1082796e-08,1.0
2308,8.2843645e-12,1.0
2309,3.0815488e-07,0.9999995
2310,0.00017350912,0.9997667
2311,0.95291555,0.04430729
2312,2.511217e-10,1.0
2313,1.4921875e-05,0.999977
2314,0.00028178096,0.99963367
2315,5.9813054e-08,1.0
2316,4.5584466e-06,0.99999344
2317,2.6226806e-08,1.0
2318,0.004784256,0.994391
2319,2.359024e-07,0.9999994
2320,0.0007967949,0.9989761
2321,0.9937282,0.0063928664
2322,0.9746024,0.024879783
2323,4.9908598e-05,0.9999261
2324,0.083823204,0.9131119
2325,4.165023e-07,0.9999993
2326,5.269915e-07,0.99999905
2327,0.9017073,0.099208236
2328,5.2225204e-07,0.99999905
2329,0.00016310811,0.99978995
2330,0.0007673204,0.9991313
2331,0.7889842,0.20794776
2332,4.2047614e-07,0.9999993
2333,6.535698e-06,0.99998987
2334,1.816909e-09,1.0
2335,0.0018226206,0.99765384
2336,0.0014715791,0.9981625
2337,1.3352585e-05,0.99998033
2338,0.00012385845,0.99982655
2339,0.00014743209,0.99979746
2340,5.9180634e-06,0.99999034
2341,6.32502e-07,0.9999989
2342,1.5487022e-07,0.99999976
2343,3.831821e-07,0.9999994
2344,9.653587e-05,0.9998646
2345,4.3740265e-06,0.99999297
2346,0.30051976,0.6939308
2347,0.8043578,0.19940773
2348,0.94740736,0.05204287
2349,0.15795586,0.8376913
2350,0.85108954,0.15328977
2351,1.8106872e-05,0.9999724
2352,6.110758e-08,1.0
2353,0.0003553927,0.99952847
2354,1.846344e-10,1.0
2355,6.3320367e-06,0.99997926
2356,2.2583612e-05,0.9999663
2357,0.7302178,0.27319002
2358,6.8388566e-08,1.0
2359,4.236435e-05,0.9999385
2360,8.444797e-06,0.99998724
2361,2.1661695e-08,1.0
2362,0.0026823282,0.9968667
2363,4.517099e-07,0.9999989
2364,1.4083866e-05,0.99997944
2365,5.331074e-07,0.99999917
2366,0.6591311,0.35397375
2367,5.8416904e-06,0.99999094
2368,0.19865367,0.7948432
2369,3.1033014e-09,1.0
2370,0.96697366,0.0321106
2371,0.0019211769,0.9977714
2372,0.968462,0.030783683
2373,3.175236e-08,1.0
2374,5.444026e-06,0.9999913
2375,0.084495336,0.9139466
2376,4.3364828e-08,1.0
2377,1.3148786e-08,1.0
2378,6.864789e-05,0.9999037
2379,2.4174335e-06,0.99999595
2380,0.0012485385,0.99843967
2381,5.7271302e-11,1.0
2382,0.00089898705,0.99881446
2383,0.010957807,0.9876851
2384,3.2035707e-05,0.9999522
2385,0.99971145,0.00028523803
2386,0.99956894,0.00040072203
2387,8.670998e-07,0.9999987
2388,0.00058698654,0.99931383
2389,2.0811805e-05,0.9999726
2390,4.9503535e-07,0.99999905
2391,0.9596181,0.038998634
2392,1.3366241e-07,0.9999997
2393,0.04429087,0.9523463
2394,1.0181574e-10,1.0
2395,1.7977437e-06,0.999997
2396,0.0013107657,0.99847144
2397,0.0013725758,0.998376
2398,4.6789643e-07,0.99999917
2399,1.6387949e-08,1.0
2400,0.00013017654,0.9998213
2401,0.007142544,0.99162126
2402,0.8906301,0.10761145
2403,9.279723e-06,0.9999855
2404,1.2256858e-08,1.0
2405,7.6074593e-07,0.9999987
2406,0.00019222498,0.99970424
2407,0.961143,0.038585156
2408,2.9706368e-10,1.0
2409,8.8958495e-06,0.9999873
2410,2.186543e-06,0.9999969
2411,0.0010136664,0.99870026
2412,0.0023191273,0.99714315
2413,0.95023376,0.050362796
2414,0.003264606,0.9957562
2415,1.6273573e-08,1.0
2416,0.0024551153,0.9971519
2417,0.5398802,0.46518844
2418,0.9911395,0.008521706
2419,1.1364364e-11,1.0
2420,0.0013432503,0.9984589
2421,1.2634897e-07,0.99999976
2422,3.2040954e-09,1.0
2423,1.5912981e-11,1.0
2424,7.0291208e-06,0.9999891
2425,3.7062609e-09,1.0
2426,1.7140804e-09,1.0
2427,1.281475e-09,1.0
2428,0.40568876,0.56050503
2429,0.8045738,0.20184663
2430,7.7599816e-07,0.99999845
2431,0.8458346,0.1675865
2432,0.0001213888,0.99983203
2433,6.3600544e-07,0.9999988
2434,2.338726e-06,0.9999962
2435,3.3668133e-05,0.99995077
2436,4.9569488e-05,0.9999248
2437,7.985028e-07,0.9999988
2438,0.0029152334,0.9964925
2439,0.8233013,0.18313229
2440,5.1382445e-05,0.99992627
2441,3.0466384e-05,0.99995637
2442,0.98290825,0.01644066
2443,1.3115199e-06,0.99999785
2444,4.331416e-06,0.9999932
2445,0.96605253,0.033325016
2446,1.6675829e-08,1.0
2447,0.9856939,0.014027774
2448,0.04611227,0.950735
2449,9.302517e-05,0.9998683
2450,1.6169113e-05,0.999977
2451,2.4427104e-06,0.99999595
2452,2.8067252e-08,1.0
2453,4.101882e-07,0.9999993
2454,6.527936e-08,0.99999976
2455,2.120385e-09,1.0
2456,2.6610226e-07,0.9999995
2457,0.00018894672,0.9997407
2458,0.0081217885,0.99095464
2459,9.265966e-07,0.99999845
2460,1.1217367e-05,0.99997765
2461,1.7234063e-06,0.99999726
2462,0.0020973086,0.99736553
2463,0.00010958807,0.9998467
2464,0.8860068,0.114650875
2465,3.2750497e-05,0.99995136
2466,0.28224647,0.67072624
2467,0.00010679567,0.9998475
2468,4.026916e-09,1.0
2469,4.6847845e-06,0.9999925
2470,0.1479468,0.85616827
2471,8.322944e-05,0.9998803
2472,0.8853731,0.113738
2473,4.0693052e-05,0.9999429
2474,2.2648758e-08,1.0
2475,0.015633643,0.98202014
2476,0.003378719,0.9962106
2477,8.888214e-05,0.9998822
2478,1.5127913e-06,0.99999774
